"year","month","slp.anom.lag2","sst.anom","era"
1949,"Jan",NA,NA,"1950-1988"
1949,"Feb",NA,NA,"1950-1988"
1949,"Mar",7.51861336231232,NA,"1950-1988"
1949,"Apr",7.51029231548309,NA,"1950-1988"
1949,"May",-3.59891436100006,NA,"1950-1988"
1949,"Jun",-1.76388454437256,NA,"1950-1988"
1949,"Jul",3.18251926898956,NA,"1950-1988"
1949,"Aug",3.33268990516663,NA,"1950-1988"
1949,"Sep",1.86188702583313,NA,"1950-1988"
1949,"Oct",0.51073682308197,NA,"1950-1988"
1949,"Nov",-2.94580736160278,NA,"1950-1988"
1949,"Dec",1.53398196697235,NA,"1950-1988"
1950,"Jan",-8.38630380630493,-0.389925337068125,"1950-1988"
1950,"Feb",8.30743570327759,-0.595731714867657,"1950-1988"
1950,"Mar",22.3833503007889,-0.648703294140952,"1950-1988"
1950,"Apr",3.58210322856903,-0.419685613911591,"1950-1988"
1950,"May",-8.36191637516022,-0.762508565923771,"1950-1988"
1950,"Jun",0.849625587463379,-1.41172647459742,"1950-1988"
1950,"Jul",-1.47831599712372,-1.63241941802168,"1950-1988"
1950,"Aug",1.55570015907288,-1.5160419442392,"1950-1988"
1950,"Sep",-2.02938647270203,-0.906396259020903,"1950-1988"
1950,"Oct",-1.52386248111725,-0.436368182908263,"1950-1988"
1950,"Nov",-3.96995286941528,-0.199242645662517,"1950-1988"
1950,"Dec",-2.64028866291046,-0.107306366628248,"1950-1988"
1951,"Jan",15.7497405052185,-0.304685040372581,"1950-1988"
1951,"Feb",0.122718906402588,-0.465122596447512,"1950-1988"
1951,"Mar",3.50131294727325,-0.731923361372503,"1950-1988"
1951,"Apr",6.15549037456512,-1.12530811331534,"1950-1988"
1951,"May",6.43175275325775,-1.06088504320675,"1950-1988"
1951,"Jun",-5.22282466888428,-0.128097834629878,"1950-1988"
1951,"Jul",-3.95986049175262,0.57009794631442,"1950-1988"
1951,"Aug",-3.71085562705994,0.326849168378621,"1950-1988"
1951,"Sep",3.2227207660675,0.397038859281152,"1950-1988"
1951,"Oct",0.488114142417908,0.0389599930096529,"1950-1988"
1951,"Nov",-1.17878313064575,-0.0213799392708093,"1950-1988"
1951,"Dec",1.77733066082001,0.031160893400757,"1950-1988"
1952,"Jan",-0.0225983619689941,-0.200416810846559,"1950-1988"
1952,"Feb",12.4966248512268,-0.55789142624932,"1950-1988"
1952,"Mar",6.23273842334747,-0.766369333918791,"1950-1988"
1952,"Apr",-1.85922367572784,-1.1314823433726,"1950-1988"
1952,"May",2.95279309749603,-0.185226178646417,"1950-1988"
1952,"Jun",-3.34064846038818,-0.399927460464467,"1950-1988"
1952,"Jul",3.27258732318878,-0.627275174366679,"1950-1988"
1952,"Aug",-0.534995031356811,-0.209107297301046,"1950-1988"
1952,"Sep",0.71391339302063,0.144864834284602,"1950-1988"
1952,"Oct",2.17803418636322,0.253195900025246,"1950-1988"
1952,"Nov",1.17926588058472,0.44181812130393,"1950-1988"
1952,"Dec",-3.28281185626984,-0.0125367643917076,"1950-1988"
1953,"Jan",-6.56398477554321,-0.262805961756315,"1950-1988"
1953,"Feb",-10.0956404685974,-0.373377593037505,"1950-1988"
1953,"Mar",-4.5623970746994,0.127987924940097,"1950-1988"
1953,"Apr",-6.75964787006378,0.090175787978044,"1950-1988"
1953,"May",2.14563367366791,-0.0973052537548205,"1950-1988"
1953,"Jun",-5.30443019866943,0.0987221885336277,"1950-1988"
1953,"Jul",-2.47580440044403,0.404595729809453,"1950-1988"
1953,"Aug",6.01538949012756,0.748940320735639,"1950-1988"
1953,"Sep",0.244893312454224,0.059327690909039,"1950-1988"
1953,"Oct",0.511043524742126,-0.124859900537073,"1950-1988"
1953,"Nov",3.00729322433472,-0.0352359978061779,"1950-1988"
1953,"Dec",-4.50180599689484,-0.480169223949282,"1950-1988"
1954,"Jan",-9.59770822525024,-0.125735274835485,"1950-1988"
1954,"Feb",-7.29282369613647,-0.264369218616012,"1950-1988"
1954,"Mar",9.71840431690216,-0.296348438499877,"1950-1988"
1954,"Apr",0.269360613822937,-0.232672609774469,"1950-1988"
1954,"May",10.0163612127304,-0.506518278391794,"1950-1988"
1954,"Jun",7.03106479644775,-0.0927794288980129,"1950-1988"
1954,"Jul",-0.623837542533874,-0.0488706855958209,"1950-1988"
1954,"Aug",-4.46812338829041,0.6141462720946,"1950-1988"
1954,"Sep",1.73828778266907,1.00418794196256,"1950-1988"
1954,"Oct",2.38094861507416,0.813903738664215,"1950-1988"
1954,"Nov",4.77721815109253,0.589630042050443,"1950-1988"
1954,"Dec",-7.16837551593781,0.320866543066921,"1950-1988"
1955,"Jan",-8.73218393325806,0.584146497330228,"1950-1988"
1955,"Feb",4.81273813247681,0.866749789033617,"1950-1988"
1955,"Mar",-7.75805594921112,0.144429446377369,"1950-1988"
1955,"Apr",11.4804384946823,-0.0481545990545063,"1950-1988"
1955,"May",4.87737500667572,-0.454483210999362,"1950-1988"
1955,"Jun",2.83084049224854,-0.996979879131804,"1950-1988"
1955,"Jul",-4.81547267436981,-0.504892367671653,"1950-1988"
1955,"Aug",2.69692177772522,-0.324198704081786,"1950-1988"
1955,"Sep",-0.224912595748901,-0.835167526787441,"1950-1988"
1955,"Oct",0.882663702964783,-0.770103773303983,"1950-1988"
1955,"Nov",3.57113599777222,-0.62867165845867,"1950-1988"
1955,"Dec",-1.63328793048859,-0.00289952779655378,"1950-1988"
1956,"Jan",3.51779165267944,-0.25666714463257,"1950-1988"
1956,"Feb",12.3931427955627,-0.358558911714495,"1950-1988"
1956,"Mar",9.2251761674881,-0.237147192777314,"1950-1988"
1956,"Apr",8.99040095806122,-0.0380737017647326,"1950-1988"
1956,"May",0.258565497398376,0.0816010418556903,"1950-1988"
1956,"Jun",-1.54984645843506,0.0286868034847199,"1950-1988"
1956,"Jul",-6.67646205425262,0.422979709606816,"1950-1988"
1956,"Aug",-0.400055456161499,0.581141055247305,"1950-1988"
1956,"Sep",1.94359936714172,0.288633041171225,"1950-1988"
1956,"Oct",-3.71533586978912,-0.56361062367099,"1950-1988"
1956,"Nov",3.27972211837769,-0.939511881605192,"1950-1988"
1956,"Dec",6.91835086345673,-0.65303533516562,"1950-1988"
1957,"Jan",-0.865472507476807,-0.552264018911094,"1950-1988"
1957,"Feb",2.74596567153931,-0.428120338768692,"1950-1988"
1957,"Mar",15.1935080766678,0.289018409222549,"1950-1988"
1957,"Apr",7.8950350522995,0.184065428703221,"1950-1988"
1957,"May",-4.00695879459381,0.532623013765587,"1950-1988"
1957,"Jun",1.14377384185791,1.02540746995545,"1950-1988"
1957,"Jul",-0.982507586479187,1.28148806843781,"1950-1988"
1957,"Aug",-2.1173894405365,1.5131623414239,"1950-1988"
1957,"Sep",1.04803051948547,1.18172911498529,"1950-1988"
1957,"Oct",1.61988751888275,1.5240296410889,"1950-1988"
1957,"Nov",-5.63222703933716,1.87277141663846,"1950-1988"
1957,"Dec",-1.80317928791046,0.969113090517111,"1950-1988"
1958,"Jan",-6.51130838394165,0.657599503867292,"1950-1988"
1958,"Feb",2.48115243911743,1.10283806494304,"1950-1988"
1958,"Mar",-11.6236763715744,1.11611170465161,"1950-1988"
1958,"Apr",-6.41340763568878,1.10557530619836,"1950-1988"
1958,"May",6.92174756526947,1.19240561002201,"1950-1988"
1958,"Jun",-2.32189388275147,1.4703392051186,"1950-1988"
1958,"Jul",-2.92202632427216,1.09800195924326,"1950-1988"
1958,"Aug",-2.94675345420837,0.496140789047778,"1950-1988"
1958,"Sep",-4.78284106254578,0.185352144445363,"1950-1988"
1958,"Oct",-2.18358080387115,0.00278656642300424,"1950-1988"
1958,"Nov",0.726612377166748,-0.278683229015974,"1950-1988"
1958,"Dec",1.11100528240204,0.180098129108579,"1950-1988"
1959,"Jan",-0.136683750152588,0.710148591350242,"1950-1988"
1959,"Feb",-3.76251363754272,0.573106490677188,"1950-1988"
1959,"Mar",3.45868141651154,0.468196683418677,"1950-1988"
1959,"Apr",6.98467280864716,0.348268191389909,"1950-1988"
1959,"May",1.2707282781601,0.411247266416635,"1950-1988"
1959,"Jun",1.72907657623291,1.34569557869821,"1950-1988"
1959,"Jul",0.25895664691925,0.658783686909699,"1950-1988"
1959,"Aug",2.53952584266663,-0.338985403625615,"1950-1988"
1959,"Sep",-0.256986570358276,-0.574036074309945,"1950-1988"
1959,"Oct",3.10572278499603,0.191951826903802,"1950-1988"
1959,"Nov",-1.68954362869263,0.928747278809794,"1950-1988"
1959,"Dec",-1.96298763751984,0.63598867059988,"1950-1988"
1960,"Jan",-6.64621744155884,0.114856531078689,"1950-1988"
1960,"Feb",-2.05789175033569,0.333265288646177,"1950-1988"
1960,"Mar",-2.50330741405487,0.170391628090639,"1950-1988"
1960,"Apr",-1.54946262836456,0.00469207627926309,"1950-1988"
1960,"May",3.76717450618744,0.145458234434213,"1950-1988"
1960,"Jun",-2.32858180999756,0.201810256459122,"1950-1988"
1960,"Jul",-1.13818385601044,0.126662090780655,"1950-1988"
1960,"Aug",1.96073403358459,0.0282449909865734,"1950-1988"
1960,"Sep",-0.262528562545776,-0.233469148929404,"1950-1988"
1960,"Oct",0.480823493003845,0.0498438011456393,"1950-1988"
1960,"Nov",2.25800733566284,-0.173515477289077,"1950-1988"
1960,"Dec",-2.83894894123077,-0.130563456326044,"1950-1988"
1961,"Jan",-0.656015110015869,0.143879888138333,"1950-1988"
1961,"Feb",-4.67734670639038,0.172931276863406,"1950-1988"
1961,"Mar",-12.7080559492111,0.145561763588686,"1950-1988"
1961,"Apr",-2.48108341693878,0.714463206675235,"1950-1988"
1961,"May",-1.76716845035553,1.14295411373188,"1950-1988"
1961,"Jun",6.43097324371338,0.551714068038288,"1950-1988"
1961,"Jul",-1.70035121440887,0.272025939922978,"1950-1988"
1961,"Aug",3.12015480995178,0.735171813648927,"1950-1988"
1961,"Sep",2.31022686958313,0.136434726504477,"1950-1988"
1961,"Oct",-3.44710314273834,-0.377204166765127,"1950-1988"
1961,"Nov",4.6168604850769,-0.138416509944213,"1950-1988"
1961,"Dec",5.35266482830048,-0.41161891194851,"1950-1988"
1962,"Jan",2.14742727279663,-0.0257879155845458,"1950-1988"
1962,"Feb",4.66773691177368,0.0304168096240263,"1950-1988"
1962,"Mar",10.3939063310623,0.256435271005453,"1950-1988"
1962,"Apr",6.05223262310028,0.504234722065383,"1950-1988"
1962,"May",2.974050116539,0.0944741835176246,"1950-1988"
1962,"Jun",4.58487186431885,-0.00161359604676889,"1950-1988"
1962,"Jul",5.94531986713409,0.122366928248014,"1950-1988"
1962,"Aug",5.15200295448303,0.840347308796632,"1950-1988"
1962,"Sep",1.86992688179016,0.362184820379201,"1950-1988"
1962,"Oct",0.741191840171814,-0.15353662808078,"1950-1988"
1962,"Nov",0.730433177947998,0.298792764513636,"1950-1988"
1962,"Dec",-3.13241970539093,0.289076659743583,"1950-1988"
1963,"Jan",-9.65566110610962,0.48789942552502,"1950-1988"
1963,"Feb",2.04975748062134,0.579159021007348,"1950-1988"
1963,"Mar",2.03204262256622,0.64488301699206,"1950-1988"
1963,"Apr",-4.06317722797394,0.42072901382703,"1950-1988"
1963,"May",11.9183143377304,0.772939891959981,"1950-1988"
1963,"Jun",4.91305179595947,0.512204574666573,"1950-1988"
1963,"Jul",2.69377262592316,0.113414745975808,"1950-1988"
1963,"Aug",-0.63777060508728,0.580885283942055,"1950-1988"
1963,"Sep",2.96979565620422,1.3422696957348,"1950-1988"
1963,"Oct",1.19694440364838,1.05840321472384,"1950-1988"
1963,"Nov",-5.72291307449341,0.332077262811286,"1950-1988"
1963,"Dec",-3.75596859455109,0.590302436001306,"1950-1988"
1964,"Jan",0.985491847991943,0.696105394962329,"1950-1988"
1964,"Feb",-8.93312520980835,0.98746338060924,"1950-1988"
1964,"Mar",-7.06066672801971,0.164830374791755,"1950-1988"
1964,"Apr",-3.13230106830597,-0.484068218842303,"1950-1988"
1964,"May",4.10916974544525,-0.934864860472801,"1950-1988"
1964,"Jun",4.85595951080322,-0.0687437159509968,"1950-1988"
1964,"Jul",10.3570706605911,-0.604998109421292,"1950-1988"
1964,"Aug",-1.03165335655212,-0.770840895595511,"1950-1988"
1964,"Sep",-1.81251635551453,-0.291616620813426,"1950-1988"
1964,"Oct",-1.88923571109772,0.0221137923154444,"1950-1988"
1964,"Nov",1.28515882492065,-0.344278420473971,"1950-1988"
1964,"Dec",2.87952945232391,-0.727570865712057,"1950-1988"
1965,"Jan",2.79023122787476,-1.13004810107503,"1950-1988"
1965,"Feb",12.3604447364807,-0.914136912881958,"1950-1988"
1965,"Mar",-2.2986031293869,-0.441547936904505,"1950-1988"
1965,"Apr",3.90268275737762,-0.498577513186334,"1950-1988"
1965,"May",0.165171027183533,-1.00011390961804,"1950-1988"
1965,"Jun",5.65711612701416,-1.46352555424366,"1950-1988"
1965,"Jul",2.80650913715363,-1.73902590148115,"1950-1988"
1965,"Aug",-4.77121634483337,-0.756954049965363,"1950-1988"
1965,"Sep",2.08582653999329,0.72638039526403,"1950-1988"
1965,"Oct",1.82222669124603,-0.0317984533935188,"1950-1988"
1965,"Nov",2.25654096603394,0.27816343110047,"1950-1988"
1965,"Dec",-3.23653042316437,-0.244954378955359,"1950-1988"
1966,"Jan",9.50434255599976,-0.663186625006118,"1950-1988"
1966,"Feb",8.17387857437134,0.00541742432931941,"1950-1988"
1966,"Mar",-5.38121268749237,-0.158711276809621,"1950-1988"
1966,"Apr",8.456094622612,-0.41157818494623,"1950-1988"
1966,"May",1.57574079036713,-0.920118391472689,"1950-1988"
1966,"Jun",3.61839694976807,-0.593911357383386,"1950-1988"
1966,"Jul",3.32946903705597,-0.376769581854631,"1950-1988"
1966,"Aug",-2.59789786338806,-0.760208940407257,"1950-1988"
1966,"Sep",0.367696046829224,-0.388923639425168,"1950-1988"
1966,"Oct",-3.18919451236725,-0.493597453014039,"1950-1988"
1966,"Nov",-5.71931200027466,-0.525437284453809,"1950-1988"
1966,"Dec",3.08669345378876,-0.488778746893194,"1950-1988"
1967,"Jan",13.8462447166443,-0.298094611812905,"1950-1988"
1967,"Feb",-0.912086391448975,-0.0713749816699057,"1950-1988"
1967,"Mar",4.31337654590607,-0.359335571712589,"1950-1988"
1967,"Apr",-0.267516827583313,-0.337639975868644,"1950-1988"
1967,"May",13.1486396551132,0.364170014899381,"1950-1988"
1967,"Jun",12.6880395889282,0.407594836441051,"1950-1988"
1967,"Jul",4.72500126361847,0.485608269051077,"1950-1988"
1967,"Aug",-0.226421117782593,0.396967906635987,"1950-1988"
1967,"Sep",5.93746380805969,-0.0776425388617873,"1950-1988"
1967,"Oct",-4.7232902765274,0.127640301807738,"1950-1988"
1967,"Nov",-11.4796269416809,0.369796688759055,"1950-1988"
1967,"Dec",-3.45391323566437,-0.151610322867368,"1950-1988"
1968,"Jan",2.81770315170288,-0.2156089619162,"1950-1988"
1968,"Feb",4.8015061378479,-0.267582831545646,"1950-1988"
1968,"Mar",14.6182364702225,0.144021662495891,"1950-1988"
1968,"Apr",-7.28532383441925,-0.144046323516601,"1950-1988"
1968,"May",-1.01739122867584,-0.0517017815012698,"1950-1988"
1968,"Jun",-0.861095237731934,0.853272251625403,"1950-1988"
1968,"Jul",2.77738163471222,1.19981029989639,"1950-1988"
1968,"Aug",0.983521509170532,0.754384909604154,"1950-1988"
1968,"Sep",-2.24881091117859,0.0748726444626119,"1950-1988"
1968,"Oct",-0.778310418128967,-0.716984974260245,"1950-1988"
1968,"Nov",1.73571577072144,-0.766757355466886,"1950-1988"
1968,"Dec",-1.00781185626984,-0.730882986978961,"1950-1988"
1969,"Jan",-11.3226487159729,-0.742715500979032,"1950-1988"
1969,"Feb",10.5443161964417,-1.10646240644573,"1950-1988"
1969,"Mar",16.530483174324,-0.986132351137837,"1950-1988"
1969,"Apr",-4.08248417377472,-0.546655879134224,"1950-1988"
1969,"May",0.623813605308533,-0.866512606932098,"1950-1988"
1969,"Jun",-6.42777614593506,-0.703144322106392,"1950-1988"
1969,"Jul",-2.80892512798309,-0.251837686640053,"1950-1988"
1969,"Aug",-4.61786551475525,-0.576062328820396,"1950-1988"
1969,"Sep",1.95112042427063,-0.441591506007624,"1950-1988"
1969,"Oct",2.99471662044525,0.554048551206674,"1950-1988"
1969,"Nov",-3.15537767410278,0.349552878188297,"1950-1988"
1969,"Dec",-6.18755123615265,0.283593384869104,"1950-1988"
1970,"Jan",-3.69691476821899,0.29471879189717,"1950-1988"
1970,"Feb",-15.1752318382263,0.431925550380849,"1950-1988"
1970,"Mar",3.42313911914825,0.721912623562428,"1950-1988"
1970,"Apr",-9.58554661273956,0.558238100684701,"1950-1988"
1970,"May",-7.50930559635162,0.0929525028515718,"1950-1988"
1970,"Jun",0.947693824768066,-0.424044857689888,"1950-1988"
1970,"Jul",0.317812848091125,-1.06053986526342,"1950-1988"
1970,"Aug",-1.48109793663025,-1.14658600548533,"1950-1988"
1970,"Sep",-3.50304675102234,-0.570649286563681,"1950-1988"
1970,"Oct",-1.31141588687897,0.0640596644149476,"1950-1988"
1970,"Nov",0.017841625213623,0.407750386875856,"1950-1988"
1970,"Dec",5.29479434490204,0.157830030774971,"1950-1988"
1971,"Jan",12.6482954978943,-0.202289956779296,"1950-1988"
1971,"Feb",6.25101633071899,-0.648768404625958,"1950-1988"
1971,"Mar",10.6800467729568,-0.866574053068339,"1950-1988"
1971,"Apr",-1.99629185199738,-0.766298647869695,"1950-1988"
1971,"May",-0.853919243812561,-1.57600293725503,"1950-1988"
1971,"Jun",-3.39990749359131,-2.08188871698926,"1950-1988"
1971,"Jul",-4.70825068950653,-1.54404461671765,"1950-1988"
1971,"Aug",-0.67480673789978,-1.16096281166156,"1950-1988"
1971,"Sep",-0.0979167461395264,-1.79992366314263,"1950-1988"
1971,"Oct",-1.62971270084381,-1.46903927166599,"1950-1988"
1971,"Nov",3.5421290397644,-1.17900199672944,"1950-1988"
1971,"Dec",5.73358676433563,-0.706367358164264,"1950-1988"
1972,"Jan",3.09683980941772,-1.05491466337932,"1950-1988"
1972,"Feb",10.5344574928284,-1.46881832802518,"1950-1988"
1972,"Mar",9.58956215381622,-1.32466323886599,"1950-1988"
1972,"Apr",6.19228999614716,-1.03428560890273,"1950-1988"
1972,"May",4.52107465267181,-1.40512889619528,"1950-1988"
1972,"Jun",7.02229404449463,-1.55321234189041,"1950-1988"
1972,"Jul",-0.83052089214325,-0.59100754134321,"1950-1988"
1972,"Aug",-1.65984854698181,-0.619154558912321,"1950-1988"
1972,"Sep",2.17507977485657,-1.27579213702489,"1950-1988"
1972,"Oct",-4.25784838199615,-1.47380662737755,"1950-1988"
1972,"Nov",4.05048322677612,-0.498559020814441,"1950-1988"
1972,"Dec",4.11651217937469,-0.578359438272243,"1950-1988"
1973,"Jan",-3.59657144546509,-0.776806227250951,"1950-1988"
1973,"Feb",5.89472665786743,-0.733440088559382,"1950-1988"
1973,"Mar",3.59148781299591,-0.525156657518067,"1950-1988"
1973,"Apr",0.555879473686218,-0.304009755082259,"1950-1988"
1973,"May",-3.61272051334381,-0.627436801102179,"1950-1988"
1973,"Jun",0.49610538482666,-0.809609972747792,"1950-1988"
1973,"Jul",-5.37588832378387,-0.947845353020562,"1950-1988"
1973,"Aug",-0.062177038192749,-1.54588929664027,"1950-1988"
1973,"Sep",-0.52723650932312,-1.19897362937427,"1950-1988"
1973,"Oct",2.30054547786713,-0.903206314688472,"1950-1988"
1973,"Nov",-0.515315723419189,-1.08687668458769,"1950-1988"
1973,"Dec",4.13677432537079,-0.407949541172873,"1950-1988"
1974,"Jan",12.6688536643982,-0.535307539258026,"1950-1988"
1974,"Feb",-5.77812490463257,-0.477194226676633,"1950-1988"
1974,"Mar",5.64991524219513,-0.864455164959712,"1950-1988"
1974,"Apr",1.78470637798309,-0.476330768864594,"1950-1988"
1974,"May",-2.93358538150787,-0.319758288197225,"1950-1988"
1974,"Jun",-4.75546169281006,-0.45999666902425,"1950-1988"
1974,"Jul",-1.58549830913544,0.0151736241031961,"1950-1988"
1974,"Aug",0.747635889053345,0.253214025596161,"1950-1988"
1974,"Sep",1.58226056098938,0.759802347055545,"1950-1988"
1974,"Oct",0.416469550132751,0.0979661864194483,"1950-1988"
1974,"Nov",1.41084089279175,-5.96273513067125e-05,"1950-1988"
1974,"Dec",-4.94213955402374,0.0329884443717467,"1950-1988"
1975,"Jan",-3.19151163101196,-0.375504324977525,"1950-1988"
1975,"Feb",-6.03099355697632,-0.682105645259715,"1950-1988"
1975,"Mar",5.66723854541779,-0.520568307512295,"1950-1988"
1975,"Apr",-0.407293438911438,-0.625934804325025,"1950-1988"
1975,"May",2.7639167547226,-1.00186306752362,"1950-1988"
1975,"Jun",5.28973178863525,-1.85732875683128,"1950-1988"
1975,"Jul",-3.58324916362762,-1.46259398851994,"1950-1988"
1975,"Aug",0.595740747451782,-1.29797373844723,"1950-1988"
1975,"Sep",-2.96860003471375,-0.782827060744218,"1950-1988"
1975,"Oct",1.06519238948822,-0.582143438857864,"1950-1988"
1975,"Nov",2.14569044113159,-0.784586628524907,"1950-1988"
1975,"Dec",2.08197085857391,-0.941261747855824,"1950-1988"
1976,"Jan",-0.168255710601807,-0.643793227591952,"1950-1988"
1976,"Feb",-0.39914083480835,-0.388169325286557,"1950-1988"
1976,"Mar",-5.68514487743378,-0.536853105014896,"1950-1988"
1976,"Apr",4.33627955913544,-0.666867687712051,"1950-1988"
1976,"May",2.09015576839447,-0.962206164090859,"1950-1988"
1976,"Jun",-2.32060298919678,-0.86181378348109,"1950-1988"
1976,"Jul",-1.92709987163544,-0.279808560431291,"1950-1988"
1976,"Aug",2.76047158241272,-0.609609294875561,"1950-1988"
1976,"Sep",-4.76642260551453,-0.851572404325708,"1950-1988"
1976,"Oct",-1.92746660709381,-0.570099361523667,"1950-1988"
1976,"Nov",-6.34401445388794,-0.416227000593892,"1950-1988"
1976,"Dec",-2.44638607501984,0.334787855730787,"1950-1988"
1977,"Jan",-8.07405252456665,0.414574548242173,"1950-1988"
1977,"Feb",-5.92583608627319,0.810629517765519,"1950-1988"
1977,"Mar",-11.8857674360275,0.528570492445312,"1950-1988"
1977,"Apr",-14.7211789369583,0.210606827622368,"1950-1988"
1977,"May",3.49895856380463,0.170533452386112,"1950-1988"
1977,"Jun",1.81900424957275,0.893701937052198,"1950-1988"
1977,"Jul",1.28534214496613,0.588119343283096,"1950-1988"
1977,"Aug",0.557804346084595,0.461948496461161,"1950-1988"
1977,"Sep",-0.908869504928589,1.15890451658998,"1950-1988"
1977,"Oct",-5.24475939273834,0.423619552840028,"1950-1988"
1977,"Nov",7.85743360519409,-0.455344378331186,"1950-1988"
1977,"Dec",-4.75694515705109,-0.730462810514383,"1950-1988"
1978,"Jan",-1.05085916519165,-0.253184486702444,"1950-1988"
1978,"Feb",9.27529611587524,-0.231851339710425,"1950-1988"
1978,"Mar",-6.84327628612518,-0.0264501716039196,"1950-1988"
1978,"Apr",-12.2925275087357,0.265079009730377,"1950-1988"
1978,"May",-5.35673906803131,0.128496618415669,"1950-1988"
1978,"Jun",-0.22012996673584,-0.0288847424064199,"1950-1988"
1978,"Jul",-0.304046893119812,-0.988008185861191,"1950-1988"
1978,"Aug",5.39433693885803,-0.44609953207012,"1950-1988"
1978,"Sep",-2.88954730033875,0.039534284132279,"1950-1988"
1978,"Oct",-0.542992424964905,0.0901934919561331,"1950-1988"
1978,"Nov",0.533550548553467,-0.00603239630073245,"1950-1988"
1978,"Dec",-3.15892879962921,0.35593987523152,"1950-1988"
1979,"Jan",4.43354635238647,0.2450422802985,"1950-1988"
1979,"Feb",5.13021097183228,0.0278784084764327,"1950-1988"
1979,"Mar",-1.75178458690643,0.0899781518100951,"1950-1988"
1979,"Apr",8.60755488872528,0.552719638337753,"1950-1988"
1979,"May",-3.90730059146881,0.326980292838224,"1950-1988"
1979,"Jun",3.58674716949463,0.0538304475688211,"1950-1988"
1979,"Jul",-5.85676295757294,0.391659966989416,"1950-1988"
1979,"Aug",5.25925850868225,0.667447212566747,"1950-1988"
1979,"Sep",1.36637463569641,1.13642125067174,"1950-1988"
1979,"Oct",-1.86887896060944,0.53383925949976,"1950-1988"
1979,"Nov",-4.4079930305481,0.947723884266603,"1950-1988"
1979,"Dec",-8.88030331134796,0.301069228298669,"1950-1988"
1980,"Jan",-0.759974765777588,-0.123711090732888,"1950-1988"
1980,"Feb",3.51323404312134,0.00620561023676623,"1950-1988"
1980,"Mar",5.51092751026154,0.0652189835998582,"1950-1988"
1980,"Apr",-8.49860661029816,0.210415263477073,"1950-1988"
1980,"May",-4.29442675113678,-0.0169439082148982,"1950-1988"
1980,"Jun",-13.7858098983765,-0.256224829053122,"1950-1988"
1980,"Jul",-5.10668361186981,-0.19727034960392,"1950-1988"
1980,"Aug",6.44043679237366,-0.692102952526716,"1950-1988"
1980,"Sep",-0.755771970748901,-0.667349229276879,"1950-1988"
1980,"Oct",2.57492597103119,0.0370740813169092,"1950-1988"
1980,"Nov",-0.477371692657471,0.282007547145551,"1950-1988"
1980,"Dec",-5.83316433429718,0.156227961583661,"1950-1988"
1981,"Jan",-6.00581827163696,0.136325061609204,"1950-1988"
1981,"Feb",0.440829563140869,0.168530417155035,"1950-1988"
1981,"Mar",-13.9970513105392,0.694179624133969,"1950-1988"
1981,"Apr",-2.84829838275909,0.909748423296966,"1950-1988"
1981,"May",-12.695253777504,1.20709931595396,"1950-1988"
1981,"Jun",2.45986270904541,1.31220584346805,"1950-1988"
1981,"Jul",-3.95993678569794,0.700009762952869,"1950-1988"
1981,"Aug",-1.40533804893494,0.48630668608545,"1950-1988"
1981,"Sep",1.8593403339386,0.657352681156682,"1950-1988"
1981,"Oct",-3.80808641910553,0.399684462899418,"1950-1988"
1981,"Nov",1.30575513839722,0.43764769315226,"1950-1988"
1981,"Dec",4.91922824382782,0.394548229302432,"1950-1988"
1982,"Jan",-4.34395608901978,0.0932442082299127,"1950-1988"
1982,"Feb",1.32165231704712,0.0190612281331365,"1950-1988"
1982,"Mar",3.92239601612091,-0.138164363662649,"1950-1988"
1982,"Apr",14.4152880430222,-0.671291544447281,"1950-1988"
1982,"May",6.22814404964447,-0.812164386936185,"1950-1988"
1982,"Jun",5.22750339508057,-0.830538936118737,"1950-1988"
1982,"Jul",1.66188938617706,-1.49627589949087,"1950-1988"
1982,"Aug",-3.49903769493103,-0.71497158579698,"1950-1988"
1982,"Sep",-0.775672483444214,-0.472861781952873,"1950-1988"
1982,"Oct",2.11636884212494,-0.307553019171505,"1950-1988"
1982,"Nov",-1.11349077224731,-0.248629406125402,"1950-1988"
1982,"Dec",8.42941958904266,0.237386620316199,"1950-1988"
1983,"Jan",-2.48743448257446,0.185704026821155,"1950-1988"
1983,"Feb",-9.26343374252319,0.480450878602377,"1950-1988"
1983,"Mar",-9.13981101512909,0.984670323984963,"1950-1988"
1983,"Apr",-15.7677045106888,1.08076743840184,"1950-1988"
1983,"May",-12.5103309869766,0.915479206561713,"1950-1988"
1983,"Jun",1.30094089508057,1.13527102072211,"1950-1988"
1983,"Jul",-2.61868464946747,1.00751014608116,"1950-1988"
1983,"Aug",-5.18203940391541,0.838462122725651,"1950-1988"
1983,"Sep",-1.20855975151062,0.374242808919187,"1950-1988"
1983,"Oct",2.96329724788666,0.0778072528628501,"1950-1988"
1983,"Nov",4.9981837272644,0.158097731647531,"1950-1988"
1983,"Dec",2.50229403972626,0.865329493400226,"1950-1988"
1984,"Jan",-10.8363541603088,0.842979522143009,"1950-1988"
1984,"Feb",5.09807901382446,0.732865877403236,"1950-1988"
1984,"Mar",-0.0840553998947144,0.898740189045853,"1950-1988"
1984,"Apr",-2.85099918842316,0.770504587308714,"1950-1988"
1984,"May",-10.6027549982071,0.752263652282883,"1950-1988"
1984,"Jun",-1.71314754486084,1.15305733697179,"1950-1988"
1984,"Jul",1.53718082904816,0.498872510476965,"1950-1988"
1984,"Aug",-2.46842703819275,1.00479588103837,"1950-1988"
1984,"Sep",3.08013958930969,0.444522531547573,"1950-1988"
1984,"Oct",2.43599774837494,0.430019350196675,"1950-1988"
1984,"Nov",-1.92289476394653,0.598904358921091,"1950-1988"
1984,"Dec",0.371271395683289,0.722384151958284,"1950-1988"
1985,"Jan",-5.70704050064087,0.802818762507416,"1950-1988"
1985,"Feb",6.52201242446899,0.700250728900388,"1950-1988"
1985,"Mar",-10.8552376508713,0.312846889777213,"1950-1988"
1985,"Apr",10.7138170957565,-0.110781142306871,"1950-1988"
1985,"May",1.404225897789,-0.543713261210729,"1950-1988"
1985,"Jun",1.91946353912354,-1.36032643509043,"1950-1988"
1985,"Jul",1.49063847064972,-0.815538341872358,"1950-1988"
1985,"Aug",1.40539498329163,-0.723951942925621,"1950-1988"
1985,"Sep",0.0597477436065674,-0.16083534344712,"1950-1988"
1985,"Oct",3.49048688411713,-0.239830024823227,"1950-1988"
1985,"Nov",5.45159406661987,-0.971176864691156,"1950-1988"
1985,"Dec",6.44636905193329,-0.226248482246083,"1950-1988"
1986,"Jan",9.03411855697632,0.19641641718178,"1950-1988"
1986,"Feb",-8.60119314193726,0.451996948037829,"1950-1988"
1986,"Mar",-10.1316002607346,0.33925136386978,"1950-1988"
1986,"Apr",-5.92114536762238,0.202065554588231,"1950-1988"
1986,"May",-5.21314623355866,-0.251026197578925,"1950-1988"
1986,"Jun",5.76869449615478,-0.698942816611238,"1950-1988"
1986,"Jul",1.30840885639191,-0.834031019809741,"1950-1988"
1986,"Aug",-5.22355704307556,-0.514469190167097,"1950-1988"
1986,"Sep",1.65751996040344,0.097789085840998,"1950-1988"
1986,"Oct",-2.22261736392975,0.74328925561872,"1950-1988"
1986,"Nov",6.18709058761597,1.38587834326624,"1950-1988"
1986,"Dec",-2.65817654132843,1.03589981510526,"1950-1988"
1987,"Jan",-0.129129123687744,0.989703145004125,"1950-1988"
1987,"Feb",-14.3869780540466,0.911997338629657,"1950-1988"
1987,"Mar",-10.5551644086838,0.768847316318417,"1950-1988"
1987,"Apr",-4.06600620746613,0.72424976068007,"1950-1988"
1987,"May",-3.76216051578522,0.497212454069887,"1950-1988"
1987,"Jun",-6.074391746521,-0.508524593935085,"1950-1988"
1987,"Jul",0.0458234071731567,-0.927191421029648,"1950-1988"
1987,"Aug",-6.62788138389587,-0.207727061048551,"1950-1988"
1987,"Sep",0.816266298294067,-0.135212934124132,"1950-1988"
1987,"Oct",4.42681806087494,0.306161955687982,"1950-1988"
1987,"Nov",-1.08727464675903,0.611302664067681,"1950-1988"
1987,"Dec",-0.510047268867493,0.482511768923536,"1950-1988"
1988,"Jan",-3.03398447036743,0.489657047290157,"1950-1988"
1988,"Feb",0.982331943511963,0.759317387335049,"1950-1988"
1988,"Mar",-4.56098563671112,0.43455430846777,"1950-1988"
1988,"Apr",-10.501962018013,0.268981688634703,"1950-1988"
1988,"May",-4.32960741519928,0.246090217818056,"1950-1988"
1988,"Jun",-5.70491237640381,-0.0115774298142037,"1950-1988"
1988,"Jul",-3.43389918804169,-0.179353711685697,"1950-1988"
1988,"Aug",-0.742072057723999,-0.669676616818762,"1950-1988"
1988,"Sep",-0.490072202682495,-0.648270477007964,"1950-1988"
1988,"Oct",-3.32557604312897,-0.261873439561095,"1950-1988"
1988,"Nov",1.42436780929565,0.0690644493260986,"1950-1988"
1988,"Dec",-1.06561367511749,-0.0181808059506782,"1950-1988"
1989,"Jan",-4.26642770767212,-0.0623483007080889,"1989-2012"
1989,"Feb",-0.6915602684021,-0.51910211247687,"1989-2012"
1989,"Mar",5.64456856250763,-0.446863510223649,"1989-2012"
1989,"Apr",17.5194796323776,0.197803718826539,"1989-2012"
1989,"May",5.89088056087494,0.098052732363662,"1989-2012"
1989,"Jun",3.5652551651001,-0.0538366979529234,"1989-2012"
1989,"Jul",5.52622807025909,0.402386501791397,"1989-2012"
1989,"Aug",-0.00548300743103027,0.918481617487242,"1989-2012"
1989,"Sep",1.90622906684875,1.03614751711807,"1989-2012"
1989,"Oct",-2.06541063785553,0.738158529260555,"1989-2012"
1989,"Nov",-1.66260271072388,0.105573838788777,"1989-2012"
1989,"Dec",5.06091525554657,0.0167817859669403,"1989-2012"
1990,"Jan",2.20076742172241,0.167355783895594,"1989-2012"
1990,"Feb",-2.69394216537476,-0.217955641494775,"1989-2012"
1990,"Mar",-3.88042075634003,-0.365980390806376,"1989-2012"
1990,"Apr",8.90327174663544,-0.0867881425666019,"1989-2012"
1990,"May",-1.24396593570709,0.25245439751219,"1989-2012"
1990,"Jun",1.24239597320557,0.718633579335762,"1989-2012"
1990,"Jul",-1.03348567485809,0.661291269864437,"1989-2012"
1990,"Aug",0.692927026748657,0.193939497258599,"1989-2012"
1990,"Sep",-2.65846209526062,0.619492764469671,"1989-2012"
1990,"Oct",0.377820563316345,-0.230905146661341,"1989-2012"
1990,"Nov",-2.95266313552856,-0.51145186829024,"1989-2012"
1990,"Dec",3.11682345867157,-0.511052629468851,"1989-2012"
1991,"Jan",15.017066860199,-0.139891802976673,"1989-2012"
1991,"Feb",6.11032266616821,-0.232649207485388,"1989-2012"
1991,"Mar",2.95862190723419,-0.13119264678185,"1989-2012"
1991,"Apr",-6.20855076313019,-0.00442229282288323,"1989-2012"
1991,"May",5.22207715511322,-0.383685834988633,"1989-2012"
1991,"Jun",-6.30765895843506,-0.373236168821241,"1989-2012"
1991,"Jul",-3.07848384380341,0.100022815851774,"1989-2012"
1991,"Aug",0.42571816444397,-0.974319812427149,"1989-2012"
1991,"Sep",1.38588452339172,-0.578577243352117,"1989-2012"
1991,"Oct",-2.9768059015274,0.164390846480165,"1989-2012"
1991,"Nov",-6.64169969558716,0.480068857872215,"1989-2012"
1991,"Dec",4.44553439617157,0.239044862997951,"1989-2012"
1992,"Jan",-5.75017099380493,0.32912079953917,"1989-2012"
1992,"Feb",-6.18890371322632,0.367085026287884,"1989-2012"
1992,"Mar",-14.7926308393478,0.298864360551656,"1989-2012"
1992,"Apr",5.41801784038544,0.200932916030133,"1989-2012"
1992,"May",-5.27444994449615,0.0501406944727717,"1989-2012"
1992,"Jun",4.02239475250244,-0.0298658763235235,"1989-2012"
1992,"Jul",6.32840855121613,0.113327235991252,"1989-2012"
1992,"Aug",-2.75659689903259,-0.365516146270878,"1989-2012"
1992,"Sep",-0.102279233932495,-0.67523439511338,"1989-2012"
1992,"Oct",-2.660666680336,-0.742057476313547,"1989-2012"
1992,"Nov",3.54994611740112,0.14033381637826,"1989-2012"
1992,"Dec",-1.13151180744171,-0.118487213215719,"1989-2012"
1993,"Jan",-2.70418100357056,-0.0170858447678423,"1989-2012"
1993,"Feb",8.26641702651978,-0.110770920418804,"1989-2012"
1993,"Mar",7.54088814258575,0.00913324156162895,"1989-2012"
1993,"Apr",-3.50767185688019,0.314722489989816,"1989-2012"
1993,"May",-6.634738945961,0.59441403983954,"1989-2012"
1993,"Jun",-9.68077754974365,1.1158045272814,"1989-2012"
1993,"Jul",-2.99360835552216,0.896896032895443,"1989-2012"
1993,"Aug",-0.916158056259155,0.753715430234036,"1989-2012"
1993,"Sep",1.48638043403625,0.299799053976666,"1989-2012"
1993,"Oct",0.27239453792572,0.693096298279641,"1989-2012"
1993,"Nov",4.94745435714722,0.949101715601256,"1989-2012"
1993,"Dec",1.69594333171844,0.799932635101966,"1989-2012"
1994,"Jan",5.93856954574585,0.7792451876949,"1989-2012"
1994,"Feb",-8.44629049301147,0.452955442555943,"1989-2012"
1994,"Mar",0.245580220222473,0.524265886463734,"1989-2012"
1994,"Apr",7.09063746929169,0.24216122595173,"1989-2012"
1994,"May",-2.90136950016022,0.288775892402486,"1989-2012"
1994,"Jun",-2.63242092132568,0.773837867155003,"1989-2012"
1994,"Jul",-5.69949061870575,0.327538927972029,"1989-2012"
1994,"Aug",2.12170205116272,0.868718767264862,"1989-2012"
1994,"Sep",-1.83453326225281,-0.0322657197487608,"1989-2012"
1994,"Oct",5.68195569515228,-0.432194603484939,"1989-2012"
1994,"Nov",-1.93306474685669,-0.942099832353138,"1989-2012"
1994,"Dec",-0.698612332344055,-0.628364812019696,"1989-2012"
1995,"Jan",10.9383406639099,-0.102010138368837,"1989-2012"
1995,"Feb",-6.33197927474976,-0.206623518318863,"1989-2012"
1995,"Mar",-6.91871726512909,-0.202551550376489,"1989-2012"
1995,"Apr",2.41745936870575,-0.428721501837112,"1989-2012"
1995,"May",5.23593060970306,0.398514864278547,"1989-2012"
1995,"Jun",-1.69968318939209,-0.267513482302448,"1989-2012"
1995,"Jul",-5.72081019878387,0.0600319139047523,"1989-2012"
1995,"Aug",-0.718167638778687,-0.906767411755232,"1989-2012"
1995,"Sep",-0.985602903366089,0.196446279232217,"1989-2012"
1995,"Oct",2.41856000423431,0.339083497980038,"1989-2012"
1995,"Nov",-7.15392656326294,-0.3265450124168,"1989-2012"
1995,"Dec",-1.16010525226593,-0.331977015203077,"1989-2012"
1996,"Jan",2.82125692367554,-0.0781213119985976,"1989-2012"
1996,"Feb",-9.89475240707397,-0.0355722441436341,"1989-2012"
1996,"Mar",7.47418739795685,0.0394137020436873,"1989-2012"
1996,"Apr",2.57641780376434,0.0753935458250421,"1989-2012"
1996,"May",6.03906781673431,0.69429546080432,"1989-2012"
1996,"Jun",-8.99053401947021,0.437115970029759,"1989-2012"
1996,"Jul",6.60248234272003,-0.00625129137638097,"1989-2012"
1996,"Aug",2.68031716346741,0.151269433908087,"1989-2012"
1996,"Sep",0.546925783157349,0.0378159910666689,"1989-2012"
1996,"Oct",2.94465863704681,-0.467975893705116,"1989-2012"
1996,"Nov",4.00279340744019,-0.274331250299331,"1989-2012"
1996,"Dec",3.00896518230438,-0.450520059583597,"1989-2012"
1997,"Jan",4.79302358627319,-0.48171423541175,"1989-2012"
1997,"Feb",5.46932992935181,-0.12252327188942,"1989-2012"
1997,"Mar",-5.39871146678925,-0.131238278024685,"1989-2012"
1997,"Apr",-7.58865787982941,0.0714013407442634,"1989-2012"
1997,"May",3.83285138607025,0.488356489243386,"1989-2012"
1997,"Jun",-5.55985622406006,1.32239247421465,"1989-2012"
1997,"Jul",3.02822086811066,2.0744997545141,"1989-2012"
1997,"Aug",-0.489447546005249,2.01171412477829,"1989-2012"
1997,"Sep",-1.78029742240906,1.96321224689155,"1989-2012"
1997,"Oct",2.06728436946869,1.02095020598918,"1989-2012"
1997,"Nov",-3.62648515701294,1.0050083327244,"1989-2012"
1997,"Dec",1.63406894207001,0.793640333426418,"1989-2012"
1998,"Jan",-4.71048746109009,0.402332764892762,"1989-2012"
1998,"Feb",-3.66723012924194,0.94615655322993,"1989-2012"
1998,"Mar",-7.62070395946503,1.20295364553144,"1989-2012"
1998,"Apr",-15.066496014595,0.990351162465216,"1989-2012"
1998,"May",-6.144651055336,0.710183426131044,"1989-2012"
1998,"Jun",-3.17498683929443,0.150785518893709,"1989-2012"
1998,"Jul",-1.02854030132294,0.358704424134775,"1989-2012"
1998,"Aug",2.31367287635803,0.150405467173574,"1989-2012"
1998,"Sep",-1.36241869926453,-0.510905405338095,"1989-2012"
1998,"Oct",1.27726972103119,0.166194120220187,"1989-2012"
1998,"Nov",1.09447736740112,0.725573496295305,"1989-2012"
1998,"Dec",1.51405856609344,0.470775427778809,"1989-2012"
1999,"Jan",-3.89277963638306,0.490229987867788,"1989-2012"
1999,"Feb",4.63927774429321,0.0862571411991712,"1989-2012"
1999,"Mar",1.87732155323029,-0.0366859269438324,"1989-2012"
1999,"Apr",-3.65273716449738,-0.444677043281974,"1989-2012"
1999,"May",-3.27625353336334,-0.818432017471808,"1989-2012"
1999,"Jun",3.26131687164307,-1.16894472147202,"1989-2012"
1999,"Jul",3.36163151264191,-0.989568542167184,"1989-2012"
1999,"Aug",-2.71656851768494,-0.552311919984363,"1989-2012"
1999,"Sep",3.67995038032532,-0.756754869588742,"1989-2012"
1999,"Oct",-3.21681444644928,-0.634961726831682,"1989-2012"
1999,"Nov",-0.454253101348877,-0.569877968565031,"1989-2012"
1999,"Dec",0.543138766288757,-0.383340338248891,"1989-2012"
2000,"Jan",-1.74137125015259,-0.303431730915383,"1989-2012"
2000,"Feb",2.04728555679321,-0.544310057015152,"1989-2012"
2000,"Mar",8.75860970020294,-0.174390314898876,"1989-2012"
2000,"Apr",-10.134286236763,-0.0786459355867674,"1989-2012"
2000,"May",-12.1328483819962,0.0508604179669282,"1989-2012"
2000,"Jun",-0.594191551208496,0.235018813256316,"1989-2012"
2000,"Jul",4.52557194232941,0.0486604879443773,"1989-2012"
2000,"Aug",-0.643146276473999,-0.163329831314877,"1989-2012"
2000,"Sep",-0.00748705863952637,-0.340781392847118,"1989-2012"
2000,"Oct",5.97842328548431,-0.336218178231112,"1989-2012"
2000,"Nov",2.59426984786987,-0.197034402416853,"1989-2012"
2000,"Dec",0.132633090019226,0.207524693283729,"1989-2012"
2001,"Jan",-5.35273447036743,0.495639809087855,"1989-2012"
2001,"Feb",-8.35932912826538,0.469217704319806,"1989-2012"
2001,"Mar",-13.2026757001877,0.356744928019387,"1989-2012"
2001,"Apr",3.00130488872528,0.187140437510196,"1989-2012"
2001,"May",-1.14300768375397,0.0165099087380145,"1989-2012"
2001,"Jun",-0.0772161483764648,0.229559743050627,"1989-2012"
2001,"Jul",2.20310795307159,-0.0477905665042894,"1989-2012"
2001,"Aug",5.82823739051819,0.113742950786962,"1989-2012"
2001,"Sep",1.1653461933136,-0.469350332387815,"1989-2012"
2001,"Oct",-0.727011895179749,-0.293491412722875,"1989-2012"
2001,"Nov",-2.26393022537231,-0.687916612526398,"1989-2012"
2001,"Dec",1.78376376628876,-0.420983345859046,"1989-2012"
2002,"Jan",-7.52252054214478,-0.233691440688239,"1989-2012"
2002,"Feb",-3.70984945297241,-0.215358952187603,"1989-2012"
2002,"Mar",-1.98457267284393,-0.502975125860724,"1989-2012"
2002,"Apr",-1.84929630756378,-0.400831182427535,"1989-2012"
2002,"May",7.66313550472259,0.258001278317164,"1989-2012"
2002,"Jun",9.66102695465088,0.104638835822738,"1989-2012"
2002,"Jul",3.24708683490753,0.233982192145454,"1989-2012"
2002,"Aug",-3.18478903770447,0.260929043495384,"1989-2012"
2002,"Sep",0.0666721820831299,0.242820683144306,"1989-2012"
2002,"Oct",-0.739876580238342,0.688061250333872,"1989-2012"
2002,"Nov",2.64913129806519,1.40245892493128,"1989-2012"
2002,"Dec",-5.16209805011749,1.55050041339906,"1989-2012"
2003,"Jan",-13.6083695411682,1.17641081786962,"1989-2012"
2003,"Feb",-8.38244314193726,1.24006783406927,"1989-2012"
2003,"Mar",-12.3252693891525,1.16641673427191,"1989-2012"
2003,"Apr",-2.51411564350128,0.665528881747283,"1989-2012"
2003,"May",1.9784187078476,0.894704489645422,"1989-2012"
2003,"Jun",2.01822605133057,0.572174155358367,"1989-2012"
2003,"Jul",1.09701054096222,0.965737904903394,"1989-2012"
2003,"Aug",-1.95818076133728,0.71918599304452,"1989-2012"
2003,"Sep",0.48077130317688,0.52690879717788,"1989-2012"
2003,"Oct",-0.519802117347717,0.869866010976545,"1989-2012"
2003,"Nov",-0.993597888946533,0.615197604734211,"1989-2012"
2003,"Dec",-2.48216946125031,0.139648426887165,"1989-2012"
2004,"Jan",13.1179305076599,-0.0902952756282788,"1989-2012"
2004,"Feb",-5.79632711410522,0.029021091712928,"1989-2012"
2004,"Mar",2.45456917285919,0.150828383353926,"1989-2012"
2004,"Apr",-10.0846982240677,0.438450205523528,"1989-2012"
2004,"May",3.31329724788666,0.94459222973915,"1989-2012"
2004,"Jun",-4.34049587249756,1.01960120010244,"1989-2012"
2004,"Jul",3.12319462299347,1.59660689957476,"1989-2012"
2004,"Aug",0.46154580116272,1.86059557675822,"1989-2012"
2004,"Sep",-2.39909777641296,1.05772448145496,"1989-2012"
2004,"Oct",-0.67246630191803,0.62279482773043,"1989-2012"
2004,"Nov",3.16008405685425,-0.123696484674331,"1989-2012"
2004,"Dec",0.609635043144226,0.0243855038538236,"1989-2012"
2005,"Jan",-0.915536594390869,0.311499593338529,"1989-2012"
2005,"Feb",1.71024942398071,0.373243860206249,"1989-2012"
2005,"Mar",0.0959876298904419,0.667781048309729,"1989-2012"
2005,"Apr",-1.48900578022003,0.802366825487796,"1989-2012"
2005,"May",-7.19930651187897,1.81370287619433,"1989-2012"
2005,"Jun",-0.456265830993652,1.9216037109196,"1989-2012"
2005,"Jul",-4.86719386577606,2.16953993073984,"1989-2012"
2005,"Aug",-0.189401769638062,1.79024043093063,"1989-2012"
2005,"Sep",-1.93819689750671,1.16368582497143,"1989-2012"
2005,"Oct",1.01477887630463,0.391557913800615,"1989-2012"
2005,"Nov",3.409241771698,-0.0418306453381019,"1989-2012"
2005,"Dec",-1.75363399982452,0.0479059527873006,"1989-2012"
2006,"Jan",6.4598708152771,0.27812753840921,"1989-2012"
2006,"Feb",-12.6590132713318,0.0706265383625623,"1989-2012"
2006,"Mar",-2.23452231884003,-0.0665961130065208,"1989-2012"
2006,"Apr",8.79435603618622,-0.0227627975106486,"1989-2012"
2006,"May",5.73190534114838,0.170890116214423,"1989-2012"
2006,"Jun",-0.368993186950684,0.700627244201671,"1989-2012"
2006,"Jul",3.51839878559113,0.0853227348143353,"1989-2012"
2006,"Aug",1.45172371864319,-0.626472869027969,"1989-2012"
2006,"Sep",-2.0633403301239,-0.406412637340685,"1989-2012"
2006,"Oct",1.93322064876556,0.0919734836036046,"1989-2012"
2006,"Nov",-0.120596790313721,-0.303025786674294,"1989-2012"
2006,"Dec",3.94129245281219,-0.488551907164216,"1989-2012"
2007,"Jan",9.19716024398804,-0.473015020434983,"1989-2012"
2007,"Feb",-10.1885008811951,-0.441487758426192,"1989-2012"
2007,"Mar",-1.69811027050018,-0.796241746185729,"1989-2012"
2007,"Apr",2.37891566753387,-0.640995555659505,"1989-2012"
2007,"May",6.79088819026947,-0.532189905602328,"1989-2012"
2007,"Jun",-12.0023305892944,-0.39128361561119,"1989-2012"
2007,"Jul",1.03781559467316,0.0652746762630445,"1989-2012"
2007,"Aug",2.74602303504944,0.369469495540327,"1989-2012"
2007,"Sep",-2.18591723442078,0.318733801423804,"1989-2012"
2007,"Oct",0.583846259117127,-0.509825475796738,"1989-2012"
2007,"Nov",1.74984693527222,-0.613408650423923,"1989-2012"
2007,"Dec",-0.567212796211243,-0.471193552264022,"1989-2012"
2008,"Jan",-4.76041879653931,-0.608535369813154,"1989-2012"
2008,"Feb",1.49688882827759,-0.70601600186425,"1989-2012"
2008,"Mar",5.93065407276154,-0.448228378843817,"1989-2012"
2008,"Apr",-5.28126652240753,-0.505508144326338,"1989-2012"
2008,"May",-0.769809746742249,-0.775548030459692,"1989-2012"
2008,"Jun",7.07230014801025,-0.658532671141904,"1989-2012"
2008,"Jul",-1.95575892925262,-0.467622609530094,"1989-2012"
2008,"Aug",1.834539270401,-0.505245335107017,"1989-2012"
2008,"Sep",-2.89254260063171,-0.550740112017729,"1989-2012"
2008,"Oct",-4.7143532037735,-0.283378401487099,"1989-2012"
2008,"Nov",0.0179011344909668,-0.5673664776188,"1989-2012"
2008,"Dec",2.75195529460907,-0.50966157108607,"1989-2012"
2009,"Jan",-0.131912326812744,-0.653683073854677,"1989-2012"
2009,"Feb",9.51552743911743,-0.716693500184124,"1989-2012"
2009,"Mar",0.700208210945129,-0.717978069500894,"1989-2012"
2009,"Apr",13.9324953794479,-0.777993208749941,"1989-2012"
2009,"May",7.18483045101166,-0.00806339664077494,"1989-2012"
2009,"Jun",3.75116062164307,0.232341258586728,"1989-2012"
2009,"Jul",4.65455753803253,0.140962416423116,"1989-2012"
2009,"Aug",-2.02242178916931,-0.351279177774307,"1989-2012"
2009,"Sep",-2.11975665092468,-0.59430119742847,"1989-2012"
2009,"Oct",-0.822695183753967,-0.0585644633462298,"1989-2012"
2009,"Nov",-2.73032426834106,-0.417632250065142,"1989-2012"
2009,"Dec",-1.75068905353546,-0.114756677708517,"1989-2012"
2010,"Jan",-2.85086832046509,0.338844421405147,"1989-2012"
2010,"Feb",-3.73738393783569,0.583450835313856,"1989-2012"
2010,"Mar",-9.502947306633,0.430433450648503,"1989-2012"
2010,"Apr",-5.70162174701691,0.275634401456663,"1989-2012"
2010,"May",-7.05638506412506,0.501960860687424,"1989-2012"
2010,"Jun",-2.13371181488037,0.0515955221743482,"1989-2012"
2010,"Jul",1.88769810199738,-0.692929721684847,"1989-2012"
2010,"Aug",-0.427918004989624,-0.39836651543406,"1989-2012"
2010,"Sep",-0.102193784713745,0.440579585818442,"1989-2012"
2010,"Oct",2.55198590755463,0.22621046205156,"1989-2012"
2010,"Nov",0.424721813201904,0.199548439456316,"1989-2012"
2010,"Dec",-5.79951565265655,0.154840427649441,"1989-2012"
2011,"Jan",7.04438314437866,0.226407862515841,"1989-2012"
2011,"Feb",10.5026963233948,0.123516844296307,"1989-2012"
2011,"Mar",-0.893138957023621,0.0322564177631591,"1989-2012"
2011,"Apr",16.1356066465378,0.149254341426597,"1989-2012"
2011,"May",-3.08243486881256,0.191844808059861,"1989-2012"
2011,"Jun",-0.76947078704834,0.639074657438869,"1989-2012"
2011,"Jul",-1.28759181499481,0.224122402172734,"1989-2012"
2011,"Aug",-0.346902990341187,-0.385957968654593,"1989-2012"
2011,"Sep",0.939539003372192,-0.752415630717044,"1989-2012"
2011,"Oct",-2.29950487613678,-0.0730506518201386,"1989-2012"
2011,"Nov",-6.30278978347778,-0.489642466570773,"1989-2012"
2011,"Dec",-1.2478417634964,-0.400230563452032,"1989-2012"
2012,"Jan",5.78327932357788,-0.703757842957686,"1989-2012"
2012,"Feb",1.17453317642212,-0.791916832050181,"1989-2012"
2012,"Mar",3.00253517627716,-0.939704080175909,"1989-2012"
2012,"Apr",-5.62298862934113,-0.271632677896669,"1989-2012"
2012,"May",0.646031928062439,-0.618834892003762,"1989-2012"
2012,"Jun",-0.88096981048584,-0.721741157864767,"1989-2012"
2012,"Jul",-0.599864459037781,-1.16832873901883,"1989-2012"
2012,"Aug",2.38833565711975,-0.659823274513703,"1989-2012"
2012,"Sep",0.422008180618286,-0.49436224502395,"1989-2012"
2012,"Oct",1.19932019710541,-0.314690203729212,"1989-2012"
2012,"Nov",-1.75096025466919,-0.219107857895687,"1989-2012"
2012,"Dec",5.68047091960907,-0.242206988374145,"1989-2012"
